ID,Event Date,Completion time,Email,Name,Last modified time,Your Name:,Immediate Supervisor's Name,Facility Type,Occupational Category of Person Affected,Department/Office Incident Took Place,Aggressor,Type of Violence,Primary Assault Description,Severity of Assault,Emotional and/ or Psychological Impact,Response Action Taken,Primary Contributing Factors,Level of Care Needed,Assault Description
4,10/7/2024 11:37,10/7/2024 11:40,anonymous,,,Security,Mitch Wheeler ,ED,Security,ED Room 11,Patient,Physical,Kicking/punching,None - No Contact or Unwanted Contact w/o Injury,None - No Emotional or Psychological Impact,Security Called,,,
5,10/7/2024 11:50,10/7/2024 11:52,anonymous,,,SECURITY,Mitch Wheeler ,ICU,Nurse (RN/LPN),ICU,Patient,Verbal,Harassment,None - No Contact or Unwanted Contact w/o Injury,None - No Emotional or Psychological Impact,Security Called,,,
6,10/7/2024 11:54,10/7/2024 11:55,anonymous,,,Security,Mitch Wheeler ,ICU,Security,ICU,Visitor,Verbal,Harassment,None - No Contact or Unwanted Contact w/o Injury,None - No Emotional or Psychological Impact,De-Escalation Techniques Used,,,
7,10/7/2024 11:55,10/7/2024 11:57,anonymous,,,Security,Mitch Wheeler ,ED,Nurse (RN/LPN),ED,Patient,Verbal,Harassment,None - No Contact or Unwanted Contact w/o Injury,None - No Emotional or Psychological Impact,De-Escalation Techniques Used,,,
8,10/7/2024 11:58,10/7/2024 11:59,anonymous,,,Security,Mitch Wheeler,ACU,Nurse (RN/LPN),ACU,Patient,Verbal,Harassment,None - No Contact or Unwanted Contact w/o Injury,None - No Emotional or Psychological Impact,Security Called,,,
9,10/7/2024 12:00,10/7/2024 12:02,anonymous,,,Security,Mitch Wheeler ,ED,Nurse (RN/LPN),ED room 10,Patient,Verbal,Harassment,None - No Contact or Unwanted Contact w/o Injury,None - No Emotional or Psychological Impact,Security Called,,,
10,10/7/2024 12:03,10/7/2024 12:05,anonymous,,,Security,Mitch Wheeler,Outpatient physical therapy,Nurse (RN/LPN),Outpatient physical therapy,Patient,Verbal,Threatening ,None - No Contact or Unwanted Contact w/o Injury,None - No Emotional or Psychological Impact,Security and law enforcement called,,,
11,10/8/2024 13:20,10/8/2024 13:22,anonymous,,,Security ,Mitch Wheeler ,ER,Security,ER,Patient,Verbal,Harassment,None - No Contact or Unwanted Contact w/o Injury,None - No Emotional or Psychological Impact,Security Called,,,
12,10/8/2024 13:22,10/8/2024 13:24,anonymous,,,Security ,Mitch Wheeler ,ER,Security,ED room 5,Patient,Physical,Punching/pushing,None - No Contact or Unwanted Contact w/o Injury,None - No Emotional or Psychological Impact,Security Called,,,
13,10/8/2024 13:27,10/8/2024 13:31,anonymous,,,Security ,Mitch Wheeler ,ER,Nurse (RN/LPN),ED 11,Patient,Physical,Grabbing/Pinching/Scratching/Hair Pulling,Mild - Mild Soreness/Abrasions/Scratches/Small Bruises,None - No Emotional or Psychological Impact,Security Called,,,
14,10/8/2024 13:32,10/8/2024 13:33,anonymous,,,Security ,Mitch Wheeler ,ACU,Nurse (RN/LPN),ACU room 206,Patient,Verbal,Harassment,None - No Contact or Unwanted Contact w/o Injury,None - No Emotional or Psychological Impact,De-Escalation Techniques Used,,,
15,10/8/2024 13:34,10/8/2024 13:35,anonymous,,,Security ,Mitch Wheeler ,ER,Nurse (RN/LPN),ER room 11,Patient,Verbal,Harassment,None - No Contact or Unwanted Contact w/o Injury,None - No Emotional or Psychological Impact,Security Called,,,
16,10/8/2024 13:36,10/8/2024 13:37,anonymous,,,Security ,Mitch Wheeler ,ER,Nurse (RN/LPN),ER room 11,Patient,Verbal,Harassment,None - No Contact or Unwanted Contact w/o Injury,None - No Emotional or Psychological Impact,Security Called,,,
17,10/8/2024 13:39,10/8/2024 13:40,anonymous,,,Security ,Mitch Wheeler ,ER ,Nurse (RN/LPN),ER,Patient,Verbal,Harassment,None - No Contact or Unwanted Contact w/o Injury,None - No Emotional or Psychological Impact,Security Called,,,
18,10/8/2024 13:40,10/8/2024 13:41,anonymous,,,Security ,Mitch Wheeler ,ER ,Nurse (RN/LPN),ED room 11,Patient,Physical,Grabbing/Pinching/Scratching/Hair Pulling,None - No Contact or Unwanted Contact w/o Injury,None - No Emotional or Psychological Impact,Security Called,,,
19,10/8/2024 13:44,10/8/2024 13:46,anonymous,,,Security ,Mitch Wheeler ,ACU ,Nurse (RN/LPN),ACU room 204,Patient,Verbal,Elopement ,None - No Contact or Unwanted Contact w/o Injury,None - No Emotional or Psychological Impact,Security Called,,,
20,10/8/2024 13:48,10/8/2024 13:49,anonymous,,,Security ,Mitch Wheeler ,ER ,Nurse (RN/LPN),ER ,Patient,Verbal,Harassment,None - No Contact or Unwanted Contact w/o Injury,None - No Emotional or Psychological Impact,Security Called,,,
21,10/8/2024 13:50,10/8/2024 13:52,anonymous,,,Security ,Mitch Wheeler ,ER,Security,ER room 11,Patient,Verbal,Harassment,None - No Contact or Unwanted Contact w/o Injury,None - No Emotional or Psychological Impact,De-Escalation Techniques Used,,,
22,10/8/2024 13:53,10/8/2024 13:56,anonymous,,,Security ,Mitch Wheeler ,ER ,Security,Er room 3,Patient,Physical,Pushing/Shoving,None - No Contact or Unwanted Contact w/o Injury,None - No Emotional or Psychological Impact,Brought back to room 3,,,
23,10/8/2024 14:00,10/8/2024 14:01,anonymous,,,Security ,Mitch Wheeler ,ER ,Security,ER room 11,Patient,Physical,Pushing/Shoving,None - No Contact or Unwanted Contact w/o Injury,None - No Emotional or Psychological Impact,De-Escalation Techniques Used,,,
24,10/8/2024 14:04,10/8/2024 14:05,anonymous,,,Security ,Mitch Wheeler ,ER ,Physician/Advance Practitioner,ER room 10,Patient,Physical,Grabbing/Pinching/Scratching/Hair Pulling,None - No Contact or Unwanted Contact w/o Injury,None - No Emotional or Psychological Impact,Physical Restraint Used,,,
25,10/8/2024 14:05,10/8/2024 14:07,anonymous,,,Security ,Mitch Wheeler ,ER ,Security,ER room 3,Patient,Physical,Grabbing/Pinching/Scratching/Hair Pulling,None - No Contact or Unwanted Contact w/o Injury,None - No Emotional or Psychological Impact,Security Called,,,
26,10/8/2024 14:17,10/8/2024 14:19,anonymous,,,Security ,Mitch Wheeler ,ER,Staff,ER triage,Patient,Physical,Threatening severe bodily harm,None - No Contact or Unwanted Contact w/o Injury,Mild - Upset/Angry/Scared/Humiliated,Security n law enforcement called ,,,
27,10/8/2024 14:31,10/8/2024 14:33,anonymous,,,Security ,Mitch Wheeler ,ER ,Security,ER room 3,Patient,Physical,Elopement,None - No Contact or Unwanted Contact w/o Injury,None - No Emotional or Psychological Impact,Moab techniques used,,,
28,10/8/2024 14:33,10/8/2024 14:34,anonymous,,,Security ,Mitch Wheeler ,ER ,Security,ER ,Patient,Physical,Pushing/Shoving,None - No Contact or Unwanted Contact w/o Injury,None - No Emotional or Psychological Impact,Security Called,,,
29,10/8/2024 14:35,10/8/2024 14:36,anonymous,,,Security ,Mitch Wheeler ,ER ,Security,ER room 3,Patient,Physical,Physically put back into room 3,None - No Contact or Unwanted Contact w/o Injury,None - No Emotional or Psychological Impact,Security Called,,,
30,10/8/2024 14:36,10/8/2024 14:37,anonymous,,,Security ,Mitch Wheeler ,ER,Security,ER room 3,Patient,Physical,Physically brought back into room 3,None - No Contact or Unwanted Contact w/o Injury,None - No Emotional or Psychological Impact,Security Called,,,
31,10/8/2024 14:38,10/8/2024 14:40,anonymous,,,Security ,Mitch Wheeler ,ER ,Family member,ER room 5,Patient,Verbal,Abusive ,None - No Contact or Unwanted Contact w/o Injury,Mild - Upset/Angry/Scared/Humiliated,Security de-escalated situation ,,,
32,10/8/2024 14:41,10/8/2024 14:44,anonymous,,,Security ,Mitch Wheeler ,OB,Nurse (RN/LPN),OB,Visitor,Verbal,Harassment,None - No Contact or Unwanted Contact w/o Injury,Mild - Upset/Angry/Scared/Humiliated,Security called used de-escalation,,,
33,10/8/2024 14:46,10/8/2024 14:47,anonymous,,,Security ,Mitch Wheeler ,ACU,Nurse (RN/LPN),ACU ,Patient,Verbal,Harassment,None - No Contact or Unwanted Contact w/o Injury,None - No Emotional or Psychological Impact,Security Called,,,
34,10/8/2024 14:49,10/8/2024 14:50,anonymous,,,Security ,Mitch Wheeler ,ER ,Physician/Advance Practitioner,ER room 3,Patient,Verbal,Harassment,None - No Contact or Unwanted Contact w/o Injury,None - No Emotional or Psychological Impact,Security called used de-escalation,,,
35,10/8/2024 14:51,10/8/2024 14:52,anonymous,,,Security ,Mitch Wheeler ,ER ,Patient ,ER room 2,Visitor,Verbal,Harassment,None - No Contact or Unwanted Contact w/o Injury,None - No Emotional or Psychological Impact,Security Called,,,
36,10/8/2024 14:53,10/8/2024 14:55,anonymous,,,Security ,Mitch Wheeler ,ACU ,Nurse (RN/LPN),ACU ,Patient,Verbal,Harassment,None - No Contact or Unwanted Contact w/o Injury,None - No Emotional or Psychological Impact,Security Called,,,
37,10/8/2024 14:55,10/8/2024 14:56,anonymous,,,Security ,Mitch Wheeler ,ACU ,Security,ACU ,Patient,Verbal,Harassment,None - No Contact or Unwanted Contact w/o Injury,None - No Emotional or Psychological Impact,Security Called,,,
38,10/8/2024 14:57,10/8/2024 14:57,anonymous,,,Security ,Mitch Wheeler ,ACU ,Security,ACU ,Patient,Verbal,Harassment,None - No Contact or Unwanted Contact w/o Injury,None - No Emotional or Psychological Impact,Security Called,,,
39,10/8/2024 14:58,10/8/2024 15:00,anonymous,,,Security ,Mitch Wheeler ,ACU ,Security,ACU ,Patient,Verbal,Harassment,None - No Contact or Unwanted Contact w/o Injury,None - No Emotional or Psychological Impact,Security Called,,,
40,10/8/2024 15:05,10/8/2024 15:06,anonymous,,,Security ,Mitch Wheeler ,ACU ,Family member ,ACU ,Patient,Verbal,Harassment,None - No Contact or Unwanted Contact w/o Injury,Mild - Upset/Angry/Scared/Humiliated,Security Called,,,
41,10/8/2024 15:08,10/8/2024 15:09,anonymous,,,Security ,Mitch Wheeler ,ACU ,Nurse (RN/LPN),ACU ,Patient,Attempted Violence (Near Miss),Chasing ,None - No Contact or Unwanted Contact w/o Injury,Mild - Upset/Angry/Scared/Humiliated,Security Called,,,
42,10/8/2024 15:11,10/8/2024 15:12,anonymous,,,Security ,Mitch Wheeler ,ER ,Nurse (RN/LPN),ER room 7,Patient,Verbal,Harassment,None - No Contact or Unwanted Contact w/o Injury,None - No Emotional or Psychological Impact,Security Called,,,
43,10/8/2024 15:16,10/8/2024 15:17,anonymous,,,Security ,Mitch Wheeler ,ER,Staff/CPD,ER room 11,Patient,Physical,Punching/kicking,None - No Contact or Unwanted Contact w/o Injury,None - No Emotional or Psychological Impact,De-Escalation Techniques Used,,,
44,10/9/2024 7:47,10/9/2024 7:53,anonymous,,,Brandon Sytulek,Mitch Wheeler,Acute Care Hospital?,Security,Ed,Patient,Verbal,Threatening ,None - No Contact or Unwanted Contact w/o Injury,None - No Emotional or Psychological Impact,Security Called,,,
45,10/9/2024 7:53,10/9/2024 7:59,anonymous,,,Brandon Sytulek,Mitchell Wheeler,Acute Care Hospital?,Nurse (RN/LPN),ACU,Patient,Verbal,Threatening ,None - No Contact or Unwanted Contact w/o Injury,None - No Emotional or Psychological Impact,Security Called,,,
46,10/9/2024 8:00,10/9/2024 8:19,anonymous,,,Brandon Sytulek,Mitchell Wheeler,Acute Care Hospital?,Nurse (RN/LPN),ED,Patient,Verbal,Aggressive ,None - No Contact or Unwanted Contact w/o Injury,None - No Emotional or Psychological Impact,Security Called,,,
47,10/9/2024 8:19,10/9/2024 8:21,anonymous,,,Brandon Sytulek,Mitchell Wheeler,Acute Care Hospital?,Nurse (RN/LPN),OBGYM,Visitor,Verbal,Irate,None - No Contact or Unwanted Contact w/o Injury,None - No Emotional or Psychological Impact,Security Called,,,
48,10/9/2024 8:21,10/9/2024 8:23,anonymous,,,Brandon Sytulek,Mitchell Wheeler,Acute Care Hospital?,Security,Ed,Patient,Physical,Punching glass,None - No Contact or Unwanted Contact w/o Injury,None - No Emotional or Psychological Impact,Security Called,,,
49,10/9/2024 8:23,10/9/2024 8:26,anonymous,,,Brandon Sytulek,Mitchell Wheeler,Acute Care Hospital?,Nurse (RN/LPN),ACU,Patient,Physical,Throwing/Breaking Objects,None - No Contact or Unwanted Contact w/o Injury,None - No Emotional or Psychological Impact,Security Called,,,
50,10/9/2024 8:26,10/9/2024 8:29,anonymous,,,Brandon Sytulek,Mitchell Wheeler,Acute Care Hospital?,Physician/Advance Practitioner,ACU,Patient,Attempted Violence (Near Miss),Punch ,None - No Contact or Unwanted Contact w/o Injury,None - No Emotional or Psychological Impact,Security Called,,,
51,10/9/2024 8:30,10/9/2024 8:31,anonymous,,,Brandon Sytulek,Mitchell Wheeler,Acute Care Hospital?,Nurse (RN/LPN),ED,Patient,Verbal,Throwing/Breaking Objects,None - No Contact or Unwanted Contact w/o Injury,None - No Emotional or Psychological Impact,Security Called,,,
52,10/9/2024 8:31,10/9/2024 8:33,anonymous,,,Brandon Sytulek,Mitchell Wheeler,Acute Care Hospital?,Nurse (RN/LPN),ED,Patient,Verbal,Threatening ,None - No Contact or Unwanted Contact w/o Injury,None - No Emotional or Psychological Impact,Security Called,,,
53,10/9/2024 8:34,10/9/2024 8:35,anonymous,,,Brandon Sytulek,MITCHELL WHEELER ,Acute Care Hospital?,Security,ED ,Patient,Verbal,Yelling ,None - No Contact or Unwanted Contact w/o Injury,None - No Emotional or Psychological Impact,Security Called,,,
54,10/10/2024 7:02,10/10/2024 7:10,anonymous,,,Travis Lebel,Mitch Wheeler,Acute Care Hospital?,Security,Ed,Patient,Verbal,Threat,None - No Contact or Unwanted Contact w/o Injury,Mild - Upset/Angry/Scared/Humiliated,De-Escalation Techniques Used,,,
55,10/10/2024 7:10,10/10/2024 7:13,anonymous,,,Travis Lebel,Mitch Wheeler,Acute Care Hospital?,Nurse (RN/LPN),ED,Patient,Verbal,Harassment,None - No Contact or Unwanted Contact w/o Injury,None - No Emotional or Psychological Impact,Physical Restraint Used,,,
56,10/10/2024 7:13,10/10/2024 7:16,anonymous,,,Travis Lebel,Mitch Wheeler,Acute Care Hospital?,Security,ED,Patient,Verbal,Yelling,None - No Contact or Unwanted Contact w/o Injury,None - No Emotional or Psychological Impact,Security Called,,,
57,10/10/2024 7:16,10/10/2024 7:19,anonymous,,,Travis Lebel,Mitch Wheeler,Acute Care Hospital?,Security,ED,Patient,Verbal,Yelling,None - No Contact or Unwanted Contact w/o Injury,None - No Emotional or Psychological Impact,Security Called,,,
58,10/10/2024 7:19,10/10/2024 7:21,anonymous,,,Travis Lebel,Mitch Wheeler,Acute Care Hospital?,Security,ED,Patient,Verbal,Harassment,None - No Contact or Unwanted Contact w/o Injury,None - No Emotional or Psychological Impact,De-Escalation Techniques Used,,,
59,10/10/2024 7:21,10/10/2024 7:25,anonymous,,,Travis Lebel,Mitch Wheeler,Acute Care Hospital?,Security,ED,Patient,Physical,Punching,Mild - Mild Soreness/Abrasions/Scratches/Small Bruises,Mild - Upset/Angry/Scared/Humiliated,Physical Restraint Used,,,
60,10/10/2024 7:25,10/10/2024 7:26,anonymous,,,Travis Lebel,Mitch Wheeler,Acute Care Hospital?,Police,ED,Patient,Verbal,Harassment,None - No Contact or Unwanted Contact w/o Injury,None - No Emotional or Psychological Impact,De-Escalation Techniques Used,,,
61,10/10/2024 7:26,10/10/2024 7:28,anonymous,,,Travis Lebel,Mitch Wheeler,Acute Care Hospital?,Security,ED,Visitor,Verbal,Harassment,None - No Contact or Unwanted Contact w/o Injury,None - No Emotional or Psychological Impact,De-Escalation Techniques Used,,,
62,10/10/2024 7:28,10/10/2024 7:29,anonymous,,,Travis Lebel,Mitch Wheeler,Acute Care Hospital?,Nurse (RN/LPN),ICU,Patient,Verbal,Harassment,None - No Contact or Unwanted Contact w/o Injury,None - No Emotional or Psychological Impact,Security Called,,,
63,10/10/2024 7:29,10/10/2024 7:32,anonymous,,,Travis Lebel,Mitch Wheeler,Acute Care Hospital?,Security,ED,Patient,Verbal,Yelling,None - No Contact or Unwanted Contact w/o Injury,None - No Emotional or Psychological Impact,Security Called,,,
64,10/10/2024 7:32,10/10/2024 7:36,anonymous,,,Travis Lebel,Mitch Wheeler,Acute Care Hospital?,Security,ED,Patient,Physical,Punching the wall,None - No Contact or Unwanted Contact w/o Injury,None - No Emotional or Psychological Impact,De-Escalation Techniques Used,,,
65,10/10/2024 7:36,10/10/2024 7:37,anonymous,,,Travis Lebel,Mitch Wheeler,Acute Care Hospital?,Security,Ed,Patient,Verbal,Yelling,None - No Contact or Unwanted Contact w/o Injury,None - No Emotional or Psychological Impact,De-Escalation Techniques Used,,,
66,10/10/2024 7:38,10/10/2024 7:40,anonymous,,,Travis Lebel,Mitch Wheeler,Acute Care Hospital?,Security,ED,Patient,Physical,Grabbing/Pinching/Scratching/Hair Pulling,None - No Contact or Unwanted Contact w/o Injury,None - No Emotional or Psychological Impact,Physical Restraint Used,,,
67,10/10/2024 7:40,10/10/2024 7:42,anonymous,,,Travis Lebel,Mitch Wheeler,Acute Care Hospital?,Security,ED,Patient,Physical,Biting,Mild - Mild Soreness/Abrasions/Scratches/Small Bruises,Mild - Upset/Angry/Scared/Humiliated,Physical Restraint Used,,,
68,10/10/2024 7:42,10/10/2024 7:44,anonymous,,,Travis Lebel,Mitch Wheeler,Acute Care Hospital?,Security,ED,Patient,Attempted Violence (Near Miss),Harassment,None - No Contact or Unwanted Contact w/o Injury,None - No Emotional or Psychological Impact,De-Escalation Techniques Used,,,
69,10/10/2024 7:44,10/10/2024 7:47,anonymous,,,Travis Lebel,Mitch Wheeler,Acute Care Hospital?,Administration/Support Services,ED,Patient,Verbal,Harassment,None - No Contact or Unwanted Contact w/o Injury,None - No Emotional or Psychological Impact,De-Escalation Techniques Used,,,
70,10/10/2024 7:47,10/10/2024 7:51,anonymous,,,Travis Lebel,Mitch Wheeler,Acute Care Hospital?,Administration/Support Services,Admin,Patient,Written/Digital,Threat,None - No Contact or Unwanted Contact w/o Injury,Mild - Upset/Angry/Scared/Humiliated,Security Called,,,
71,10/10/2024 7:51,10/10/2024 7:57,anonymous,,,Travis Lebel,Mitch Wheeler,Acute Care Hospital?,Security,ACU,Patient,Verbal,Profanity ,None - No Contact or Unwanted Contact w/o Injury,None - No Emotional or Psychological Impact,De-Escalation Techniques Used,,,
72,10/10/2024 7:57,10/10/2024 7:59,anonymous,,,Travis Lebel,Mitch Wheeler,Acute Care Hospital?,Security,ED,Patient,Physical,Pushing/Shoving,None - No Contact or Unwanted Contact w/o Injury,None - No Emotional or Psychological Impact,De-Escalation Techniques Used,,,
73,10/10/2024 7:59,10/10/2024 8:00,anonymous,,,Travis Lebel,Mitch Wheeler,Acute Care Hospital?,Security,ICU,Patient,Attempted Violence (Near Miss),Pushing/Shoving,None - No Contact or Unwanted Contact w/o Injury,None - No Emotional or Psychological Impact,Physical Restraint Used,,,
74,10/10/2024 8:00,10/10/2024 8:01,anonymous,,,Travis Lebel,Mitch Wheeler,Acute Care Hospital?,Nurse (RN/LPN),ACU,Patient,Verbal,Harassment,None - No Contact or Unwanted Contact w/o Injury,Mild - Upset/Angry/Scared/Humiliated,Security Called,,,
75,10/10/2024 8:01,10/10/2024 8:03,anonymous,,,Travis Lebel,Mitch Wheeler,Acute Care Hospital?,Nurse (RN/LPN),ACU,Patient,Verbal,Yelling,None - No Contact or Unwanted Contact w/o Injury,None - No Emotional or Psychological Impact,De-Escalation Techniques Used,,,
76,10/10/2024 8:03,10/10/2024 8:04,anonymous,,,Travis Lebel,Mitch Wheeler,Acute Care Hospital?,Nurse (RN/LPN),ED,Patient,Verbal,Cursing,None - No Contact or Unwanted Contact w/o Injury,None - No Emotional or Psychological Impact,Security Called,,,
77,10/10/2024 8:04,10/10/2024 8:06,anonymous,,,Travis Lebel,Mitch Wheeler,Acute Care Hospital?,Security,ICU,Patient,Physical,Pushing/Shoving,None - No Contact or Unwanted Contact w/o Injury,None - No Emotional or Psychological Impact,Physical Restraint Used,,,
78,10/10/2024 8:06,10/10/2024 8:08,anonymous,,,Travis Lebel,Mitch Wheeler,Acute Care Hospital?,Nurse (RN/LPN),ICU,Patient,Attempted Violence (Near Miss),Pushing/Shoving,None - No Contact or Unwanted Contact w/o Injury,None - No Emotional or Psychological Impact,Physical Restraint Used,,,
79,10/10/2024 8:08,10/10/2024 8:09,anonymous,,,Travis Lebel,Mitch Wheeler,Acute Care Hospital?,Security,ACU,Patient,Physical,Pushing/Shoving,None - No Contact or Unwanted Contact w/o Injury,None - No Emotional or Psychological Impact,De-Escalation Techniques Used,,,
80,10/10/2024 8:09,10/10/2024 8:11,anonymous,,,Brandon Sytulek,Mitchell wheeler,Acute Care Hospital?,Nurse (RN/LPN),ACU,Patient,Verbal,Harassment,None - No Contact or Unwanted Contact w/o Injury,None - No Emotional or Psychological Impact,Security Called,,,
81,10/10/2024 8:11,10/10/2024 8:12,anonymous,,,Brandon Sytulek,Mitchell wheeler,Acute Care Hospital?,Security,ACU,Patient,Physical,Posturing,None - No Contact or Unwanted Contact w/o Injury,None - No Emotional or Psychological Impact,Security Called,,,
82,10/10/2024 8:12,10/10/2024 8:14,anonymous,,,Brandon Sytulek,Mitchell Wheeler,Acute Care Hospital?,Nurse (RN/LPN),ACU,Patient,Verbal,Yelling,None - No Contact or Unwanted Contact w/o Injury,None - No Emotional or Psychological Impact,Security Called,,,
83,10/10/2024 8:14,10/10/2024 8:15,anonymous,,,Brandon Sytulek,Mitchell Wheeler,Acute Care Hospital?,Nurse (RN/LPN),ICU,Patient,Physical,Grabbing/Pinching/Scratching/Hair Pulling,None - No Contact or Unwanted Contact w/o Injury,None - No Emotional or Psychological Impact,Security Called,,,
84,10/10/2024 8:15,10/10/2024 8:16,anonymous,,,Brandon Sytulek,Mitch Wheeler,Acute Care Hospital?,Security,ACU,Patient,Physical,Pushing/Shoving,None - No Contact or Unwanted Contact w/o Injury,None - No Emotional or Psychological Impact,Security Called,,,
85,10/10/2024 8:16,10/10/2024 8:17,anonymous,,,Brandon sytulek,Mitch Wheeler,Acute Care Hospital?,Security,ACU,Patient,Verbal,Arguing ,None - No Contact or Unwanted Contact w/o Injury,None - No Emotional or Psychological Impact,Security Called,,,
86,10/10/2024 8:17,10/10/2024 8:19,anonymous,,,Brandon sytulek,Mitch Wheeler,Acute Care Hospital?,Security,ACU,Patient,Physical,Throwing/Breaking Objects,None - No Contact or Unwanted Contact w/o Injury,None - No Emotional or Psychological Impact,Security Called,,,
87,10/10/2024 8:19,10/10/2024 8:20,anonymous,,,Brandon sytulek,Mitch wheeler,Acute Care Hospital?,Security,ACU,Patient,Physical,Tried to Punch,None - No Contact or Unwanted Contact w/o Injury,None - No Emotional or Psychological Impact,Security Called,,,
88,10/10/2024 8:20,10/10/2024 8:23,anonymous,,,Brandon sytulek,Mitch wheeler,Acute Care Hospital?,Facilities/Plant Operations,Front desk,Visitor,Verbal,Yelling ,None - No Contact or Unwanted Contact w/o Injury,None - No Emotional or Psychological Impact,Security Called,,,
89,10/10/2024 8:23,10/10/2024 8:24,anonymous,,,Brandon Sytulek,Mitch wheeler,Acute Care Hospital?,Security,ACU,Patient,Physical,Pushing/Shoving,None - No Contact or Unwanted Contact w/o Injury,None - No Emotional or Psychological Impact,Security Called,,,
90,10/10/2024 8:24,10/10/2024 8:24,anonymous,,,Brandon Sytulek,Mitch wheeler,Acute Care Hospital?,Nurse (RN/LPN),ICU,Patient,Physical,Grabbing/Pinching/Scratching/Hair Pulling,None - No Contact or Unwanted Contact w/o Injury,None - No Emotional or Psychological Impact,Security Called,,,
91,10/10/2024 8:24,10/10/2024 8:25,anonymous,,,Brandon Sytulek,Mitch wheeler ,Acute Care Hospital?,Nurse (RN/LPN),ACU,Patient,Physical,Harassment,None - No Contact or Unwanted Contact w/o Injury,None - No Emotional or Psychological Impact,Security Called,,,
92,10/10/2024 8:25,10/10/2024 8:26,anonymous,,,Brandon sytulek,Mitch Wheeler,Acute Care Hospital?,Nurse (RN/LPN),ACU,Patient,Verbal,Arguing ,None - No Contact or Unwanted Contact w/o Injury,None - No Emotional or Psychological Impact,Security Called,,,
93,10/10/2024 8:26,10/10/2024 8:27,anonymous,,,Brandon sytulek,Mitch wheeler,Acute Care Hospital?,Security,ICU,Patient,Physical,Pushing/Shoving,None - No Contact or Unwanted Contact w/o Injury,None - No Emotional or Psychological Impact,Security Called,,,
94,10/10/2024 8:27,10/10/2024 8:28,anonymous,,,Brandon sytulek,Mitch wheeler,Acute Care Hospital?,Nurse (RN/LPN),ICU,Patient,Physical,Cutting ,None - No Contact or Unwanted Contact w/o Injury,None - No Emotional or Psychological Impact,Security Called,,,
95,10/10/2024 8:28,10/10/2024 8:29,anonymous,,,Brandon sytulek,Mitch wheeler,Acute Care Hospital?,Nurse (RN/LPN),ICU,Patient,Physical,Grabbing/Pinching/Scratching/Hair Pulling,None - No Contact or Unwanted Contact w/o Injury,None - No Emotional or Psychological Impact,Security Called,,,
96,10/10/2024 8:29,10/10/2024 8:30,anonymous,,,Brandon sytulek,Mitch wheeler,Acute Care Hospital?,Nurse (RN/LPN),ACU,Patient,Verbal,Yelling ,None - No Contact or Unwanted Contact w/o Injury,None - No Emotional or Psychological Impact,Security Called,,,
97,10/10/2024 8:30,10/10/2024 8:31,anonymous,,,Brandon Sytulek ,Mitch wheeler,Acute Care Hospital?,Security,Parking lot,Visitor,Verbal,Harassment,None - No Contact or Unwanted Contact w/o Injury,None - No Emotional or Psychological Impact,Security Called,,,
98,10/10/2024 8:31,10/10/2024 8:31,anonymous,,,Brandon Sytulek ,Mitch wheeler,Acute Care Hospital?,Security,ED,Patient,Physical,Throwing/Breaking Objects,None - No Contact or Unwanted Contact w/o Injury,None - No Emotional or Psychological Impact,Security Called,,,
99,10/10/2024 8:31,10/10/2024 8:32,anonymous,,,Brandon sytulek,Mitch wheeler,Acute Care Hospital?,Nurse (RN/LPN),Pines women and children ,Patient,Verbal,Harassment,None - No Contact or Unwanted Contact w/o Injury,None - No Emotional or Psychological Impact,Security Called,,,
100,10/10/2024 8:33,10/10/2024 8:33,anonymous,,,Brandon sytulek,Mitch wheeler,Acute Care Hospital?,Physician/Advance Practitioner,ED,Patient,Verbal,Yelling,None - No Contact or Unwanted Contact w/o Injury,None - No Emotional or Psychological Impact,Security Called,,,
101,10/10/2024 8:33,10/10/2024 8:34,anonymous,,,Brandon Sytulek ,Mitch wheeler,Acute Care Hospital?,Security,ED,Patient,Verbal,Yelling,None - No Contact or Unwanted Contact w/o Injury,None - No Emotional or Psychological Impact,Security Called,,,
102,10/10/2024 8:34,10/10/2024 8:34,anonymous,,,Brandon sytulek,Mitch wheeler,Acute Care Hospital?,Nurse (RN/LPN),ED,Patient,Physical,Grabbing/Pinching/Scratching/Hair Pulling,None - No Contact or Unwanted Contact w/o Injury,None - No Emotional or Psychological Impact,Security Called,,,
103,10/10/2024 8:34,10/10/2024 8:35,anonymous,,,Brandon Sytulek ,Mitch wheeler,Acute Care Hospital?,Physician/Advance Practitioner,ED,Patient,Verbal,Harassment,None - No Contact or Unwanted Contact w/o Injury,None - No Emotional or Psychological Impact,Security Called,,,
104,10/10/2024 8:35,10/10/2024 8:36,anonymous,,,Brandon sytulek,Mitch wheeler,Acute Care Hospital?,Physician/Advance Practitioner,ED,Patient,Verbal,Threatening ,None - No Contact or Unwanted Contact w/o Injury,None - No Emotional or Psychological Impact,Security Called,,,
105,10/10/2024 8:36,10/10/2024 8:37,anonymous,,,Brandon sytulek,Mitch wheeler,Acute Care Hospital?,Midwife,WC,Patient,Physical,Aggressive,None - No Contact or Unwanted Contact w/o Injury,None - No Emotional or Psychological Impact,Security Called,,,
106,10/10/2024 8:44,10/10/2024 8:44,anonymous,,,Brandon sytulek,Mitch wheeler,Acute Care Hospital?,Nurse (RN/LPN),OB,Patient,Physical,Throwing/Breaking Objects,None - No Contact or Unwanted Contact w/o Injury,None - No Emotional or Psychological Impact,Security Called,,,
107,10/10/2024 8:44,10/10/2024 8:45,anonymous,,,Brandon Sytulek ,Mitch wheeler,Acute Care Hospital?,Nurse (RN/LPN),ED,Patient,Verbal,Harassment,None - No Contact or Unwanted Contact w/o Injury,None - No Emotional or Psychological Impact,Security Called,,,
108,10/10/2024 8:45,10/10/2024 8:45,anonymous,,,Brandon sytulek,Mitch wheeler,Acute Care Hospital?,Nurse (RN/LPN),ED,Patient,Physical,Aggressive ,None - No Contact or Unwanted Contact w/o Injury,None - No Emotional or Psychological Impact,Security Called,,,
109,10/10/2024 8:46,10/10/2024 8:47,anonymous,,,Brandon sytulek,Mitch wheeler,Acute Care Hospital?,Nurse (RN/LPN),ICU,Patient,Physical,Combative,None - No Contact or Unwanted Contact w/o Injury,None - No Emotional or Psychological Impact,Security Called,,,
110,10/10/2024 8:47,10/10/2024 8:49,anonymous,,,Brandon sytulek,Mitch wheeler,Acute Care Hospital?,Security,ED,Patient,Physical,Punching,Mild - Mild Soreness/Abrasions/Scratches/Small Bruises,None - No Emotional or Psychological Impact,Security Called,,,
111,10/10/2024 8:49,10/10/2024 8:49,anonymous,,,Brandon sytulek,Mitch wheeler,Acute Care Hospital?,Security,Ed,Patient,Physical,Out of control ,None - No Contact or Unwanted Contact w/o Injury,None - No Emotional or Psychological Impact,Security Called,,,
112,10/10/2024 8:49,10/10/2024 8:50,anonymous,,,Brandon sytulek,Mitch wheeler,Acute Care Hospital?,Security,ED,Patient,Physical,Biting,Moderate - Major Soreness/Cuts/Large Bruises,None - No Emotional or Psychological Impact,Security Called,,,
113,10/10/2024 8:51,10/10/2024 8:51,anonymous,,,Brandon Sytulek ,Mitch wheeler,Acute Care Hospital?,Security,ED,Patient,Physical,Biting,Mild - Mild Soreness/Abrasions/Scratches/Small Bruises,None - No Emotional or Psychological Impact,Security Called,,,
114,10/10/2024 8:51,10/10/2024 8:52,anonymous,,,Brandon sytulek,Mitch wheeler,Acute Care Hospital?,Security,ED,Patient,Verbal,Posturing,None - No Contact or Unwanted Contact w/o Injury,None - No Emotional or Psychological Impact,Law Enforcement Called,,,
115,10/10/2024 8:52,10/10/2024 8:53,anonymous,,,Brandon sytulek,Mitch wheeler,Acute Care Hospital?,Nurse (RN/LPN),ICU,Patient,Physical,Grabbing/Pinching/Scratching/Hair Pulling,None - No Contact or Unwanted Contact w/o Injury,None - No Emotional or Psychological Impact,Security Called,,,
116,10/10/2024 8:53,10/10/2024 8:53,anonymous,,,Brandon Sytulek ,Mitch wheeler,Acute Care Hospital?,Nurse (RN/LPN),ED,Patient,Verbal,Yelling,None - No Contact or Unwanted Contact w/o Injury,None - No Emotional or Psychological Impact,Security Called,,,
117,10/10/2024 8:54,10/10/2024 8:54,anonymous,,,Brandon sytulek,Mitch wheeler,Acute Care Hospital?,Nurse (RN/LPN),ICU,Patient,Physical,Grabbing/Pinching/Scratching/Hair Pulling,None - No Contact or Unwanted Contact w/o Injury,None - No Emotional or Psychological Impact,Security Called,,,
118,10/10/2024 8:54,10/10/2024 8:55,anonymous,,,Brandon sytulek,Mitch wheeler,Acute Care Hospital?,Nurse (RN/LPN),ED,Patient,Physical,Grabbing/Pinching/Scratching/Hair Pulling,None - No Contact or Unwanted Contact w/o Injury,None - No Emotional or Psychological Impact,Security Called,,,
119,10/10/2024 8:55,10/10/2024 8:56,anonymous,,,Brandon sytulek,Mitch wheeler,Acute Care Hospital?,Nurse (RN/LPN),ED,Patient,Verbal,Harassment,None - No Contact or Unwanted Contact w/o Injury,None - No Emotional or Psychological Impact,Security Called,,,
120,10/11/2024 10:16,10/11/2024 10:19,anonymous,,,security ,Mitch Wheeler ,ACU ,Nurse (RN/LPN),ACU room 212 ,Patient,Physical,Throwing/Breaking Objects,None - No Contact or Unwanted Contact w/o Injury,None - No Emotional or Psychological Impact,Security Called,,,
121,10/11/2024 10:21,10/11/2024 10:24,anonymous,,,SECURITY ,Mitch Wheeler ,ER ,Nurse (RN/LPN),ER Hallway,Patient,Physical,Pushing/Shoving,None - No Contact or Unwanted Contact w/o Injury,None - No Emotional or Psychological Impact,Security called/chemical restraint,,,
122,10/11/2024 10:24,10/11/2024 10:27,anonymous,,,Security ,Mitch Wheeler ,ER ,Nurse (RN/LPN),Er hallway ,Patient,Physical,Grabbing/Pinching/Scratching/Hair Pulling,None - No Contact or Unwanted Contact w/o Injury,None - No Emotional or Psychological Impact,Physical Restraint Used,,,
123,10/11/2024 10:28,10/11/2024 10:29,anonymous,,,Security ,Mitch Wheeler ,ACU ,Nurse (RN/LPN),ACU 202,Patient,Physical,Punching/hitting,Mild - Mild Soreness/Abrasions/Scratches/Small Bruises,Mild - Upset/Angry/Scared/Humiliated,Security Called,,,
124,10/11/2024 10:31,10/11/2024 10:33,anonymous,,,Security ,Mitch Wheeler ,OB,Staff/patient,OB,Visitor,Verbal,Threatening ,None - No Contact or Unwanted Contact w/o Injury,Mild - Upset/Angry/Scared/Humiliated,Security Called,,,
125,10/11/2024 10:34,10/11/2024 10:36,anonymous,,,Security ,Mitch Wheeler ,OB,DHS,OB,Visitor,Verbal,Harassment,None - No Contact or Unwanted Contact w/o Injury,Mild - Upset/Angry/Scared/Humiliated,Security Called,,,
126,10/11/2024 10:37,10/11/2024 10:38,anonymous,,,Security ,Mitch Wheeler ,ER ,Security,ER,Patient,Physical,Pushing/Shoving,None - No Contact or Unwanted Contact w/o Injury,None - No Emotional or Psychological Impact,De-Escalation Techniques Used,,,
127,10/11/2024 10:39,10/11/2024 10:40,anonymous,,,Security ,Mitch Wheeler ,ER ,Nurse (RN/LPN),ER room 3,Patient,Physical,Pushing/Shoving,None - No Contact or Unwanted Contact w/o Injury,None - No Emotional or Psychological Impact,Security Called,,,
128,10/11/2024 10:41,10/11/2024 10:43,anonymous,,,Security ,Mitch Wheeler ,ACU ,Nurse (RN/LPN),ACU 202,Patient,Physical,Stabbing/throwing/breaking objects ,Mild - Mild Soreness/Abrasions/Scratches/Small Bruises,None - No Emotional or Psychological Impact,Security Called,,,
129,10/11/2024 10:44,10/11/2024 10:45,anonymous,,,Security ,Mitch Wheeler ,ACU ,Nurse (RN/LPN),Outside main entrance ,Patient,Verbal,Harassment,None - No Contact or Unwanted Contact w/o Injury,Mild - Upset/Angry/Scared/Humiliated,Security Called,,,
130,10/11/2024 10:46,10/11/2024 10:47,anonymous,,,Security ,Mitch Wheeler ,ER ,Nurse (RN/LPN),ER waiting room,Visitor,Verbal,Harassment,None - No Contact or Unwanted Contact w/o Injury,None - No Emotional or Psychological Impact,Security Called,,,
131,10/11/2024 16:13,10/11/2024 16:15,anonymous,,,Security ,Mitch Wheeler ,OB,Nurse (RN/LPN),OB,Visitor,Verbal,Harassment,None - No Contact or Unwanted Contact w/o Injury,Mild - Upset/Angry/Scared/Humiliated,Security Called,,,
132,10/11/2024 16:15,10/11/2024 16:17,anonymous,,,Security ,Mitch Wheeler ,ER,EMT,ER Ambulance bay,Patient,Physical,Grabbing/Pinching/Scratching/Hair Pulling,Moderate - Major Soreness/Cuts/Large Bruises,None - No Emotional or Psychological Impact,Security Called,,,
133,10/11/2024 16:18,10/11/2024 16:18,anonymous,,,Security ,Mitch Wheeler ,ER ,Registration ,ER registration ,Patient,Verbal,Harassment,None - No Contact or Unwanted Contact w/o Injury,Mild - Upset/Angry/Scared/Humiliated,Security Called,,,
134,10/11/2024 16:20,10/11/2024 16:21,anonymous,,,Security ,Mitch Wheeler ,ER ,Security,ER room 11,Patient,Physical,Pushing/Shoving,Mild - Mild Soreness/Abrasions/Scratches/Small Bruises,None - No Emotional or Psychological Impact,Physical Restraint Used,,,
135,10/11/2024 16:21,10/11/2024 16:22,anonymous,,,Security ,Mitch Wheeler ,Lab,Registration ,Lab registration ,Patient,Verbal,Harassment,None - No Contact or Unwanted Contact w/o Injury,Mild - Upset/Angry/Scared/Humiliated,Security Called,,,
136,10/11/2024 16:23,10/11/2024 16:24,anonymous,,,Security ,Mitch Wheeler ,ER ,Security,ER room 3,Patient,Physical,Pushing/Shoving,None - No Contact or Unwanted Contact w/o Injury,None - No Emotional or Psychological Impact,Physical Restraint Used,,,
137,10/11/2024 16:24,10/11/2024 16:25,anonymous,,,Security ,Mitch Wheeler ,ER ,Security,ER room 11 ,Patient,Physical,Throwing/Breaking Objects,None - No Contact or Unwanted Contact w/o Injury,None - No Emotional or Psychological Impact,Security Called,,,
138,10/11/2024 16:26,10/11/2024 16:27,anonymous,,,Security ,Mitch Wheeler ,ER room 11,Security,ER room 11,Patient,Physical,Throwing/Breaking Objects,None - No Contact or Unwanted Contact w/o Injury,Mild - Upset/Angry/Scared/Humiliated,Security Called,,,
139,10/11/2024 16:27,10/11/2024 16:28,anonymous,,,Security ,Mitch Wheeler ,ER ,Security,Er room 11,Patient,Physical,Throwing/Breaking Objects,None - No Contact or Unwanted Contact w/o Injury,None - No Emotional or Psychological Impact,Security Called,,,
140,10/11/2024 16:29,10/11/2024 16:30,anonymous,,,Security ,Mitch Wheeler ,ER ,Nurse (RN/LPN),ER room 11,Patient,Physical,Harassment,None - No Contact or Unwanted Contact w/o Injury,None - No Emotional or Psychological Impact,Security called/chemical restraint,,,
141,10/11/2024 16:30,10/11/2024 16:31,anonymous,,,Security ,Mitch Wheeler ,ER ,Security,ER room 4,Patient,Physical,Throwing/Breaking Objects,None - No Contact or Unwanted Contact w/o Injury,None - No Emotional or Psychological Impact,De-Escalation Techniques Used,,,
142,10/11/2024 16:32,10/11/2024 16:34,anonymous,,,Security ,Mitch Wheeler ,ER ,Security,ER room 11,Patient,Physical,Harassment/fighting,Mild - Mild Soreness/Abrasions/Scratches/Small Bruises,None - No Emotional or Psychological Impact,Security Called,,,
143,10/11/2024 16:34,10/11/2024 16:35,anonymous,,,Security ,Mitch Wheeler ,ER ,Security,ER room 4,Patient,Physical,Throwing/Breaking Objects,None - No Contact or Unwanted Contact w/o Injury,None - No Emotional or Psychological Impact,Security Called,,,
144,10/11/2024 16:35,10/11/2024 16:36,anonymous,,,Security ,Mitch Wheeler ,ER ,Security,ER room 4 ,Patient,Physical,Pushing/Shoving,None - No Contact or Unwanted Contact w/o Injury,None - No Emotional or Psychological Impact,Security Called,,,
145,10/11/2024 16:37,10/11/2024 16:38,anonymous,,,Security ,Mitch Wheeler ,ER ,Security,ER room 4 and 11,Patient,Verbal,Patients wanting to fight one another,None - No Contact or Unwanted Contact w/o Injury,None - No Emotional or Psychological Impact,Security Called,,,
146,10/11/2024 16:40,10/11/2024 16:41,anonymous,,,Security ,Mitch Wheeler ,ER ,Security,ER hallway,Patient,Physical,Patient who wasn't allowed to leave was trying to leave ,None - No Contact or Unwanted Contact w/o Injury,None - No Emotional or Psychological Impact,De-Escalation Techniques Used,,,
147,10/11/2024 16:43,10/11/2024 16:44,anonymous,,,Security ,Mitch Wheeler ,ACU ,Nurse (RN/LPN),ACU 202,Patient,Physical,Hitting,Mild - Mild Soreness/Abrasions/Scratches/Small Bruises,None - No Emotional or Psychological Impact,Security Called,,,
148,10/11/2024 16:45,10/11/2024 16:47,anonymous,,,Security ,Mitch Wheeler ,ER ,Nurse (RN/LPN),ER hallway ,Patient,Verbal,Harassment,None - No Contact or Unwanted Contact w/o Injury,Mild - Upset/Angry/Scared/Humiliated,Security Called,,,
149,10/11/2024 16:50,10/11/2024 16:51,anonymous,,,Security ,Mitch Wheeler ,ER ,Nurse (RN/LPN),ER room 3,Patient,Verbal,Harassment,None - No Contact or Unwanted Contact w/o Injury,Mild - Upset/Angry/Scared/Humiliated,Security Called,,,
150,10/17/2024 8:03,10/17/2024 8:04,anonymous,,,Brandon sytulek,Mitch wheeler,Acute Care Hospital?,Security,ER,Patient,Verbal,Harassment,None - No Contact or Unwanted Contact w/o Injury,Mild - Upset/Angry/Scared/Humiliated,Security Called,,,
151,10/31/2024 14:36,10/31/2024 14:37,anonymous,,,Security,Mitch,Cary Medical ,Security,Oncology parkinglot,Visitor,Verbal,Harassment,None - No Contact or Unwanted Contact w/o Injury,None - No Emotional or Psychological Impact,De-Escalation Techniques Used,,,
